timestamp,open,high,low,close,volume
2025-01-23 15:00:00+00:00,0.06,0.107,0.06,0.0925,678675474.5
2025-01-23 15:15:00+00:00,0.0925,0.096,0.0886,0.0902,173560171.2
2025-01-23 15:30:00+00:00,0.0901,0.0909,0.0856,0.0871,135888383.4
2025-01-23 15:45:00+00:00,0.0872,0.0931,0.0859,0.0915,129974515.9
2025-01-23 16:00:00+00:00,0.0914,0.0916,0.0865,0.0876,80583211.5
2025-01-23 16:15:00+00:00,0.0876,0.0878,0.0845,0.0872,86620227.7
2025-01-23 16:30:00+00:00,0.0872,0.0877,0.0848,0.0871,46207812.5
2025-01-23 16:45:00+00:00,0.0872,0.0908,0.0853,0.0901,63171857.9
2025-01-23 17:00:00+00:00,0.0901,0.0917,0.0876,0.0885,83748302.8
2025-01-23 17:15:00+00:00,0.0885,0.0923,0.0873,0.0916,67873850.3
2025-01-23 17:30:00+00:00,0.0916,0.0974,0.0901,0.0956,105088792.3
2025-01-23 17:45:00+00:00,0.0956,0.098,0.095,0.0967,75747977.0
2025-01-23 18:00:00+00:00,0.0967,0.0974,0.0923,0.0935,53258129.7
2025-01-23 18:15:00+00:00,0.0935,0.0954,0.0916,0.0949,46119412.7
2025-01-23 18:30:00+00:00,0.095,0.0959,0.093,0.0936,35661011.1
2025-01-23 18:45:00+00:00,0.0936,0.0938,0.0906,0.0926,40916728.1
2025-01-23 19:00:00+00:00,0.0926,0.094,0.0911,0.0932,29424774.5
2025-01-23 19:15:00+00:00,0.0931,0.0933,0.0902,0.0911,40052612.2
2025-01-23 19:30:00+00:00,0.0911,0.0914,0.0848,0.0856,135007959.3
2025-01-23 19:45:00+00:00,0.0857,0.0866,0.0833,0.0852,128215212.4
2025-01-23 20:00:00+00:00,0.0852,0.0882,0.0834,0.0867,79519313.1
2025-01-23 20:15:00+00:00,0.0866,0.088,0.0854,0.0873,29035903.0
2025-01-23 20:30:00+00:00,0.0873,0.0893,0.0863,0.0882,31374045.8
2025-01-23 20:45:00+00:00,0.0881,0.0893,0.0868,0.088,30192870.5
2025-01-23 21:00:00+00:00,0.088,0.089,0.0872,0.0875,16022241.4
2025-01-23 21:15:00+00:00,0.0875,0.0876,0.0847,0.0853,33332329.1
2025-01-23 21:30:00+00:00,0.0852,0.0871,0.0847,0.0868,23978209.4
2025-01-23 21:45:00+00:00,0.0869,0.0889,0.0866,0.088,23739123.4
2025-01-23 22:00:00+00:00,0.0879,0.0917,0.0878,0.091,51587493.0
2025-01-23 22:15:00+00:00,0.0909,0.0916,0.0894,0.0898,29255548.4
2025-01-23 22:30:00+00:00,0.0897,0.09,0.0872,0.0887,25342065.5
2025-01-23 22:45:00+00:00,0.0888,0.0902,0.0866,0.0887,26895141.4
2025-01-23 23:00:00+00:00,0.0886,0.09,0.0873,0.0884,16711350.9
2025-01-23 23:15:00+00:00,0.0885,0.0885,0.086,0.0868,27351489.6
2025-01-23 23:30:00+00:00,0.0868,0.0881,0.0859,0.0875,20255075.7
2025-01-23 23:45:00+00:00,0.0875,0.0896,0.0871,0.0887,30327019.0
2025-01-24 00:00:00+00:00,0.0886,0.0899,0.0839,0.0854,117402741.8
2025-01-24 00:15:00+00:00,0.0854,0.0869,0.0793,0.0805,128956703.2
2025-01-24 00:30:00+00:00,0.0806,0.0832,0.079,0.0798,71746529.0
2025-01-24 00:45:00+00:00,0.0798,0.0818,0.0777,0.0782,52518790.2
2025-01-24 01:00:00+00:00,0.0781,0.0839,0.0765,0.0814,130215245.9
2025-01-24 01:15:00+00:00,0.0814,0.0844,0.08,0.0804,72098093.3
2025-01-24 01:30:00+00:00,0.0805,0.0815,0.0783,0.0791,46674093.4
2025-01-24 01:45:00+00:00,0.079,0.08,0.074,0.0772,92505602.7
2025-01-24 02:00:00+00:00,0.0772,0.0779,0.075,0.0764,66364560.5
2025-01-24 02:15:00+00:00,0.0764,0.0781,0.076,0.0774,16585662.2
2025-01-24 02:30:00+00:00,0.0774,0.0797,0.0765,0.0782,28956811.7
2025-01-24 02:45:00+00:00,0.0782,0.0783,0.0756,0.0767,22081146.9
2025-01-24 03:00:00+00:00,0.0767,0.0775,0.0752,0.076,16761072.8
2025-01-24 03:15:00+00:00,0.0761,0.0774,0.0684,0.0696,53844279.9
2025-01-24 03:30:00+00:00,0.0695,0.0705,0.0687,0.0697,27270418.6
2025-01-24 03:45:00+00:00,0.0696,0.0714,0.069,0.0694,18963264.5
2025-01-24 04:00:00+00:00,0.0693,0.0695,0.0666,0.0684,42577225.6
2025-01-24 04:15:00+00:00,0.0684,0.0689,0.0672,0.0686,15293464.3
2025-01-24 04:30:00+00:00,0.0686,0.0711,0.068,0.0708,37179854.4
2025-01-24 04:45:00+00:00,0.0707,0.0709,0.069,0.0697,19709370.5
2025-01-24 05:00:00+00:00,0.0697,0.0699,0.0681,0.0691,22144244.5
2025-01-24 05:15:00+00:00,0.069,0.0707,0.0684,0.0689,17003936.4
2025-01-24 05:30:00+00:00,0.0689,0.0702,0.0686,0.0702,10461518.7
2025-01-24 05:45:00+00:00,0.0702,0.0702,0.0695,0.07,7727801.7
2025-01-24 06:00:00+00:00,0.07,0.0702,0.0691,0.0697,11639579.8
2025-01-24 06:15:00+00:00,0.0697,0.0699,0.0685,0.0699,16062523.0
2025-01-24 06:30:00+00:00,0.0699,0.071,0.0698,0.0707,19056126.6
2025-01-24 06:45:00+00:00,0.0706,0.0732,0.0701,0.0719,26308043.2
2025-01-24 07:00:00+00:00,0.072,0.0725,0.0699,0.0705,20988435.3
2025-01-24 07:15:00+00:00,0.0703,0.071,0.0691,0.0698,15517734.4
2025-01-24 07:30:00+00:00,0.0698,0.0708,0.0692,0.0707,15116299.5
2025-01-24 07:45:00+00:00,0.0706,0.072,0.07,0.0718,13072692.3
2025-01-24 08:00:00+00:00,0.0717,0.0729,0.0706,0.0711,18475858.6
2025-01-24 08:15:00+00:00,0.0712,0.0714,0.0701,0.0709,12672466.0
2025-01-24 08:30:00+00:00,0.0708,0.0711,0.0699,0.0704,14267119.1
2025-01-24 08:45:00+00:00,0.0704,0.0723,0.0702,0.0709,10868874.5
2025-01-24 09:00:00+00:00,0.0709,0.0714,0.0702,0.0706,9643257.0
2025-01-24 09:15:00+00:00,0.0706,0.0707,0.0692,0.0693,12521126.9
2025-01-24 09:30:00+00:00,0.0693,0.0695,0.0681,0.069,17220165.3
2025-01-24 09:45:00+00:00,0.0689,0.0693,0.0683,0.0688,8972370.1
2025-01-24 10:00:00+00:00,0.0689,0.0693,0.0681,0.0689,11851090.6
2025-01-24 10:15:00+00:00,0.0688,0.0692,0.0672,0.0678,16538883.4
2025-01-24 10:30:00+00:00,0.0678,0.0685,0.0676,0.0683,10859631.3
2025-01-24 10:45:00+00:00,0.0684,0.0692,0.0681,0.0688,7469593.7
2025-01-24 11:00:00+00:00,0.0688,0.0689,0.0681,0.0685,6444323.6
2025-01-24 11:15:00+00:00,0.0684,0.069,0.0681,0.0686,9417899.6
2025-01-24 11:30:00+00:00,0.0686,0.0688,0.0681,0.0684,6804940.7
2025-01-24 11:45:00+00:00,0.0684,0.07,0.0682,0.0695,13987168.8
2025-01-24 12:00:00+00:00,0.0695,0.0695,0.0684,0.069,8142053.5
2025-01-24 12:15:00+00:00,0.0689,0.0695,0.0683,0.0685,8894324.4
2025-01-24 12:30:00+00:00,0.0685,0.0685,0.0675,0.0679,13164428.4
2025-01-24 12:45:00+00:00,0.068,0.0684,0.0679,0.0679,8142517.4
2025-01-24 13:00:00+00:00,0.0679,0.0686,0.0661,0.0674,19337515.9
2025-01-24 13:15:00+00:00,0.0673,0.0676,0.0666,0.0671,25504415.3
2025-01-24 13:30:00+00:00,0.0672,0.0683,0.067,0.0682,10899925.7
2025-01-24 13:45:00+00:00,0.0682,0.0682,0.0677,0.0677,6331608.9
2025-01-24 14:00:00+00:00,0.0677,0.0693,0.0677,0.0692,17189997.7
2025-01-24 14:15:00+00:00,0.0692,0.0694,0.0678,0.0681,15664837.7
2025-01-24 14:30:00+00:00,0.0681,0.0686,0.0672,0.0685,9971695.3
2025-01-24 14:45:00+00:00,0.0684,0.0685,0.0678,0.0681,7468112.3
2025-01-24 15:00:00+00:00,0.0681,0.0686,0.0676,0.0677,11394602.2
2025-01-24 15:15:00+00:00,0.0676,0.0679,0.0667,0.067,19802914.2
2025-01-24 15:30:00+00:00,0.0671,0.0672,0.0661,0.0668,50909288.1
2025-01-24 15:45:00+00:00,0.0668,0.0671,0.0662,0.0663,11431867.3
2025-01-24 16:00:00+00:00,0.0663,0.0669,0.0636,0.0643,47833475.0
2025-01-24 16:15:00+00:00,0.0643,0.0645,0.0626,0.0642,40057250.7
2025-01-24 16:30:00+00:00,0.0642,0.0643,0.0629,0.0632,22485997.6
2025-01-24 16:45:00+00:00,0.0632,0.0634,0.0619,0.0623,39204509.1
2025-01-24 17:00:00+00:00,0.0623,0.0634,0.0621,0.0632,19343197.1
2025-01-24 17:15:00+00:00,0.0631,0.064,0.0628,0.0639,11255918.1
2025-01-24 17:30:00+00:00,0.0638,0.0639,0.0633,0.0639,8047849.6
2025-01-24 17:45:00+00:00,0.0639,0.0643,0.063,0.0634,7857811.0
2025-01-24 18:00:00+00:00,0.0635,0.064,0.0634,0.0639,7594428.5
2025-01-24 18:15:00+00:00,0.0639,0.0641,0.063,0.0635,9277537.5
2025-01-24 18:30:00+00:00,0.0635,0.0636,0.0626,0.0628,8291631.7
2025-01-24 18:45:00+00:00,0.0629,0.0636,0.0628,0.0632,7050956.9
2025-01-24 19:00:00+00:00,0.0631,0.0639,0.063,0.0636,7464405.9
2025-01-24 19:15:00+00:00,0.0637,0.064,0.0633,0.0638,8380709.6
2025-01-24 19:30:00+00:00,0.0637,0.0639,0.0633,0.0634,4601491.6
2025-01-24 19:45:00+00:00,0.0634,0.0634,0.0627,0.063,6014149.2
2025-01-24 20:00:00+00:00,0.0629,0.0639,0.0629,0.0634,8237901.1
2025-01-24 20:15:00+00:00,0.0635,0.0638,0.063,0.0631,5790200.8
2025-01-24 20:30:00+00:00,0.0631,0.0632,0.0607,0.0612,23735770.8
2025-01-24 20:45:00+00:00,0.0612,0.0615,0.0608,0.061,8650516.0
2025-01-24 21:00:00+00:00,0.0611,0.0623,0.061,0.0618,8199132.2
2025-01-24 21:15:00+00:00,0.0618,0.0624,0.0615,0.0618,7011470.1
2025-01-24 21:30:00+00:00,0.0618,0.0629,0.0615,0.0625,8944107.1
2025-01-24 21:45:00+00:00,0.0625,0.0631,0.0619,0.0626,12972087.0
2025-01-24 22:00:00+00:00,0.0626,0.0631,0.0612,0.0614,9819329.4
2025-01-24 22:15:00+00:00,0.0614,0.063,0.0614,0.0623,9921391.2
2025-01-24 22:30:00+00:00,0.0623,0.0627,0.0621,0.0627,6374575.8
2025-01-24 22:45:00+00:00,0.0626,0.065,0.0626,0.0639,18817041.5
2025-01-24 23:00:00+00:00,0.0639,0.0639,0.0627,0.0632,14138676.1
2025-01-24 23:15:00+00:00,0.0632,0.0632,0.0622,0.0623,12643258.7
2025-01-24 23:30:00+00:00,0.0623,0.0625,0.0617,0.0621,16138566.1
2025-01-24 23:45:00+00:00,0.0622,0.0627,0.0619,0.0619,10689952.7
2025-01-25 00:00:00+00:00,0.0619,0.0663,0.0618,0.0639,77235866.2
2025-01-25 00:15:00+00:00,0.064,0.0665,0.0637,0.0644,42534414.0
2025-01-25 00:30:00+00:00,0.0644,0.0646,0.0632,0.0635,21687650.9
2025-01-25 00:45:00+00:00,0.0635,0.0636,0.0625,0.063,20588814.2
2025-01-25 01:00:00+00:00,0.063,0.0631,0.0587,0.0594,33873174.4
2025-01-25 01:15:00+00:00,0.0594,0.0599,0.0571,0.0576,33739795.2
2025-01-25 01:30:00+00:00,0.0576,0.0587,0.0574,0.0583,19048355.4
2025-01-25 01:45:00+00:00,0.0583,0.0592,0.0579,0.0586,10950552.9
2025-01-25 02:00:00+00:00,0.0586,0.0586,0.0566,0.0576,25504704.4
2025-01-25 02:15:00+00:00,0.0577,0.0583,0.0574,0.058,12465841.7
2025-01-25 02:30:00+00:00,0.0581,0.0588,0.0579,0.0585,10358235.7
2025-01-25 02:45:00+00:00,0.0585,0.0586,0.0578,0.0585,8773526.9
2025-01-25 03:00:00+00:00,0.0585,0.0589,0.0582,0.0588,7683745.5
2025-01-25 03:15:00+00:00,0.0588,0.0598,0.0586,0.0596,11873392.6
2025-01-25 03:30:00+00:00,0.0596,0.0603,0.0591,0.0599,18549797.4
2025-01-25 03:45:00+00:00,0.0599,0.0619,0.0594,0.061,16452969.3
2025-01-25 04:00:00+00:00,0.061,0.0612,0.0597,0.0604,10739557.5
2025-01-25 04:15:00+00:00,0.0603,0.0605,0.0589,0.0595,9756667.6
2025-01-25 04:30:00+00:00,0.0595,0.0603,0.0592,0.0597,10135225.3
2025-01-25 04:45:00+00:00,0.0597,0.06,0.0592,0.0597,4820086.0
2025-01-25 05:00:00+00:00,0.0596,0.0603,0.059,0.0594,8289070.4
2025-01-25 05:15:00+00:00,0.0594,0.0604,0.0593,0.0602,6679136.7
2025-01-25 05:30:00+00:00,0.0602,0.0602,0.0587,0.059,8616656.0
2025-01-25 05:45:00+00:00,0.0589,0.0595,0.0588,0.0593,3727543.8
2025-01-25 06:00:00+00:00,0.0592,0.0596,0.0587,0.0594,4247856.5
2025-01-25 06:15:00+00:00,0.0594,0.0595,0.0587,0.059,7135828.0
2025-01-25 06:30:00+00:00,0.059,0.0594,0.0585,0.059,7362668.4
2025-01-25 06:45:00+00:00,0.059,0.0592,0.0555,0.0569,89958191.6
2025-01-25 07:00:00+00:00,0.0569,0.0578,0.0567,0.0575,14188834.2
2025-01-25 07:15:00+00:00,0.0574,0.0579,0.0573,0.0575,6550405.4
2025-01-25 07:30:00+00:00,0.0576,0.0577,0.0566,0.0571,15190421.2
2025-01-25 07:45:00+00:00,0.0571,0.0576,0.057,0.0576,6904805.4
2025-01-25 08:00:00+00:00,0.0576,0.0578,0.057,0.0574,8576891.6
2025-01-25 08:15:00+00:00,0.0575,0.0578,0.0569,0.057,5084830.0
2025-01-25 08:30:00+00:00,0.057,0.0572,0.0558,0.0564,20309045.9
2025-01-25 08:45:00+00:00,0.0565,0.0571,0.0559,0.0563,13869850.3
2025-01-25 09:00:00+00:00,0.0562,0.0566,0.0557,0.0566,10057304.7
2025-01-25 09:15:00+00:00,0.0565,0.0565,0.0558,0.0559,9877884.9
2025-01-25 09:30:00+00:00,0.0559,0.0562,0.0557,0.056,6720111.6
2025-01-25 09:45:00+00:00,0.0559,0.0562,0.0554,0.0559,12503272.6
2025-01-25 10:00:00+00:00,0.056,0.0561,0.0547,0.0552,22235592.9
2025-01-25 10:15:00+00:00,0.0552,0.0554,0.0546,0.0547,11798581.6
2025-01-25 10:30:00+00:00,0.0547,0.0553,0.0547,0.0548,8083101.1
2025-01-25 10:45:00+00:00,0.0549,0.0555,0.0548,0.0552,8445343.1
2025-01-25 11:00:00+00:00,0.0552,0.0558,0.055,0.0554,9726572.7
2025-01-25 11:15:00+00:00,0.0554,0.0557,0.055,0.055,8405134.5
2025-01-25 11:30:00+00:00,0.055,0.0557,0.0548,0.0555,15553137.6
2025-01-25 11:45:00+00:00,0.0556,0.0566,0.0555,0.0561,19927977.4
2025-01-25 12:00:00+00:00,0.0561,0.0561,0.0552,0.0552,15135960.7
2025-01-25 12:15:00+00:00,0.0553,0.0556,0.0552,0.0555,9231713.2
2025-01-25 12:30:00+00:00,0.0555,0.0559,0.0552,0.0559,11111271.2
2025-01-25 12:45:00+00:00,0.0559,0.0568,0.0557,0.0561,16465743.4
2025-01-25 13:00:00+00:00,0.0561,0.0566,0.056,0.0565,9850244.9
2025-01-25 13:15:00+00:00,0.0565,0.0566,0.0559,0.0562,7983623.9
2025-01-25 13:30:00+00:00,0.0563,0.0573,0.0561,0.0567,11732632.8
2025-01-25 13:45:00+00:00,0.0568,0.0571,0.0565,0.0568,10169616.5
2025-01-25 14:00:00+00:00,0.0567,0.0568,0.0557,0.0559,9325318.9
2025-01-25 14:15:00+00:00,0.0558,0.0563,0.0558,0.0561,5786853.4
2025-01-25 14:30:00+00:00,0.0561,0.0563,0.0557,0.0562,6731367.4
2025-01-25 14:45:00+00:00,0.0561,0.0562,0.0553,0.0557,9628501.1
2025-01-25 15:00:00+00:00,0.0557,0.0565,0.0557,0.0565,9197589.8
2025-01-25 15:15:00+00:00,0.0564,0.0569,0.0561,0.0563,9290248.4
2025-01-25 15:30:00+00:00,0.0564,0.0571,0.0563,0.0569,8039966.2
2025-01-25 15:45:00+00:00,0.0569,0.0596,0.0565,0.0589,90659322.8
2025-01-25 16:00:00+00:00,0.0589,0.0609,0.0572,0.0576,102832833.5
2025-01-25 16:15:00+00:00,0.0576,0.0581,0.0565,0.0568,24881525.7
2025-01-25 16:30:00+00:00,0.0567,0.0573,0.0563,0.057,12550816.1
2025-01-25 16:45:00+00:00,0.057,0.0591,0.0566,0.057,99708565.7
2025-01-25 17:00:00+00:00,0.0569,0.0571,0.0566,0.0568,12980825.7
2025-01-25 17:15:00+00:00,0.0567,0.0574,0.0567,0.057,7820516.0
2025-01-25 17:30:00+00:00,0.0571,0.0574,0.0568,0.0568,4785033.0
2025-01-25 17:45:00+00:00,0.0568,0.0579,0.0566,0.0576,10962615.0
2025-01-25 18:00:00+00:00,0.0576,0.0581,0.0574,0.0575,10125126.1
2025-01-25 18:15:00+00:00,0.0575,0.0581,0.0573,0.058,7875406.6
2025-01-25 18:30:00+00:00,0.058,0.0584,0.0577,0.0581,5401499.4
2025-01-25 18:45:00+00:00,0.058,0.058,0.0573,0.0575,5868114.9
2025-01-25 19:00:00+00:00,0.0576,0.0583,0.0575,0.0578,5579322.7
2025-01-25 19:15:00+00:00,0.0579,0.0586,0.0578,0.0584,5125003.3
2025-01-25 19:30:00+00:00,0.0584,0.0587,0.0581,0.0583,5200011.0
2025-01-25 19:45:00+00:00,0.0584,0.0585,0.0575,0.0582,6108629.5
2025-01-25 20:00:00+00:00,0.0582,0.0586,0.0577,0.0577,4790313.2
2025-01-25 20:15:00+00:00,0.0577,0.0578,0.0568,0.0573,9633630.9
2025-01-25 20:30:00+00:00,0.0573,0.058,0.0572,0.0579,5380451.3
2025-01-25 20:45:00+00:00,0.0579,0.0581,0.0574,0.0577,4218938.4
2025-01-25 21:00:00+00:00,0.0578,0.0579,0.0574,0.0575,3058913.5
2025-01-25 21:15:00+00:00,0.0576,0.0584,0.0574,0.058,8266429.5
2025-01-25 21:30:00+00:00,0.058,0.0581,0.0571,0.0571,5286230.5
2025-01-25 21:45:00+00:00,0.0572,0.0576,0.057,0.0571,4151498.7
2025-01-25 22:00:00+00:00,0.057,0.0582,0.057,0.0578,5562446.6
2025-01-25 22:15:00+00:00,0.0578,0.058,0.0575,0.0576,1714632.4
2025-01-25 22:30:00+00:00,0.0577,0.058,0.0576,0.0579,3954985.1
2025-01-25 22:45:00+00:00,0.0578,0.0579,0.0572,0.0573,5301123.8
2025-01-25 23:00:00+00:00,0.0573,0.0574,0.0566,0.0569,9039469.4
2025-01-25 23:15:00+00:00,0.0568,0.0569,0.0562,0.0564,7582493.8
2025-01-25 23:30:00+00:00,0.0564,0.0569,0.0564,0.0569,3195128.8
2025-01-25 23:45:00+00:00,0.0568,0.0571,0.0565,0.057,7562551.0
2025-01-26 00:00:00+00:00,0.057,0.0573,0.0556,0.0558,12037463.3
2025-01-26 00:15:00+00:00,0.0559,0.0561,0.0555,0.0559,3514481.9
2025-01-26 00:30:00+00:00,0.0558,0.06,0.0557,0.0588,39267459.2
2025-01-26 00:45:00+00:00,0.0588,0.0616,0.0578,0.0609,39159781.2
2025-01-26 01:00:00+00:00,0.0609,0.061,0.0586,0.0592,36750409.4
2025-01-26 01:15:00+00:00,0.0592,0.0594,0.0581,0.0583,15544416.2
2025-01-26 01:30:00+00:00,0.0584,0.059,0.0582,0.0582,9858160.1
2025-01-26 01:45:00+00:00,0.0583,0.0588,0.0576,0.0578,13434388.5
2025-01-26 02:00:00+00:00,0.0577,0.0578,0.0571,0.0576,10288371.1
2025-01-26 02:15:00+00:00,0.0575,0.0576,0.0568,0.0572,7439233.4
2025-01-26 02:30:00+00:00,0.0573,0.0574,0.0566,0.0566,6810069.0
2025-01-26 02:45:00+00:00,0.0566,0.0568,0.0563,0.0564,5912692.6
2025-01-26 03:00:00+00:00,0.0564,0.0567,0.0561,0.0563,5477995.1
2025-01-26 03:15:00+00:00,0.0563,0.0565,0.0559,0.0561,5320806.8
2025-01-26 03:30:00+00:00,0.0561,0.0565,0.0559,0.0564,3963530.3
2025-01-26 03:45:00+00:00,0.0565,0.0575,0.0564,0.057,11210680.4
2025-01-26 04:00:00+00:00,0.057,0.0577,0.0567,0.0574,11204216.7
2025-01-26 04:15:00+00:00,0.0574,0.0576,0.057,0.0576,6423895.9
2025-01-26 04:30:00+00:00,0.0576,0.0577,0.0572,0.0577,4523136.1
2025-01-26 04:45:00+00:00,0.0576,0.0577,0.0565,0.0568,18153799.2
2025-01-26 05:00:00+00:00,0.0568,0.058,0.0568,0.0575,10587440.5
2025-01-26 05:15:00+00:00,0.0575,0.0579,0.0571,0.0574,4140224.0
2025-01-26 05:30:00+00:00,0.0574,0.0574,0.057,0.0572,4897761.8
2025-01-26 05:45:00+00:00,0.0572,0.0576,0.0567,0.0571,4831158.3
2025-01-26 06:00:00+00:00,0.057,0.057,0.0565,0.0566,7253315.6
2025-01-26 06:15:00+00:00,0.0566,0.0569,0.0562,0.0563,4458480.7
2025-01-26 06:30:00+00:00,0.0564,0.0566,0.0563,0.0564,3038225.6
2025-01-26 06:45:00+00:00,0.0565,0.0567,0.0564,0.0566,2446408.7
2025-01-26 07:00:00+00:00,0.0566,0.0567,0.0563,0.0563,2264803.1
2025-01-26 07:15:00+00:00,0.0564,0.0568,0.0563,0.0567,2577332.0
2025-01-26 07:30:00+00:00,0.0568,0.0568,0.0564,0.0564,3066441.3
2025-01-26 07:45:00+00:00,0.0564,0.0565,0.0559,0.0562,4459973.0
2025-01-26 08:00:00+00:00,0.0561,0.0563,0.056,0.056,2744707.6
2025-01-26 08:15:00+00:00,0.0561,0.0562,0.0556,0.0558,3930351.0
2025-01-26 08:30:00+00:00,0.0558,0.056,0.0556,0.0558,3598857.8
2025-01-26 08:45:00+00:00,0.0557,0.056,0.0556,0.0557,3887702.9
2025-01-26 09:00:00+00:00,0.0558,0.056,0.0552,0.0559,8351122.7
2025-01-26 09:15:00+00:00,0.0559,0.0562,0.0557,0.0561,5597793.6
2025-01-26 09:30:00+00:00,0.0562,0.0562,0.0555,0.0556,5865687.2
2025-01-26 09:45:00+00:00,0.0556,0.0556,0.0551,0.0555,5577710.2
2025-01-26 10:00:00+00:00,0.0554,0.056,0.0554,0.0558,3357613.7
2025-01-26 10:15:00+00:00,0.0558,0.0561,0.0556,0.0558,2727859.9
2025-01-26 10:30:00+00:00,0.0557,0.0564,0.0557,0.0563,5574878.1
2025-01-26 10:45:00+00:00,0.0563,0.0563,0.0559,0.0559,3440797.3
2025-01-26 11:00:00+00:00,0.056,0.056,0.0555,0.0558,4007866.8
2025-01-26 11:15:00+00:00,0.0559,0.0564,0.0558,0.0561,2679951.0
2025-01-26 11:30:00+00:00,0.0561,0.0565,0.0561,0.0565,2759250.1
2025-01-26 11:45:00+00:00,0.0565,0.0568,0.0562,0.0565,4743701.9
2025-01-26 12:00:00+00:00,0.0564,0.0565,0.0562,0.0563,1092740.9
2025-01-26 12:15:00+00:00,0.0563,0.0563,0.0559,0.0561,4210169.3
2025-01-26 12:30:00+00:00,0.056,0.0561,0.0557,0.0558,2109924.0
2025-01-26 12:45:00+00:00,0.0557,0.0561,0.0556,0.0557,2547946.3
2025-01-26 13:00:00+00:00,0.0557,0.0562,0.0557,0.0561,2284327.9
2025-01-26 13:15:00+00:00,0.056,0.0565,0.056,0.0563,2547066.3
2025-01-26 13:30:00+00:00,0.0563,0.0565,0.0562,0.0565,2383096.1
2025-01-26 13:45:00+00:00,0.0565,0.0566,0.0562,0.0564,2948982.7
2025-01-26 14:00:00+00:00,0.0563,0.0564,0.0559,0.056,2940956.2
2025-01-26 14:15:00+00:00,0.056,0.0564,0.0558,0.0564,2916503.2
2025-01-26 14:30:00+00:00,0.0564,0.0574,0.0563,0.0571,6182786.8
2025-01-26 14:45:00+00:00,0.0571,0.0577,0.0569,0.0574,9427222.3
2025-01-26 15:00:00+00:00,0.0574,0.0583,0.057,0.0579,14479942.2
2025-01-26 15:15:00+00:00,0.0579,0.058,0.0573,0.0578,5864848.9
2025-01-26 15:30:00+00:00,0.0578,0.0582,0.0574,0.0579,3832862.6
2025-01-26 15:45:00+00:00,0.058,0.0581,0.0574,0.0577,5723692.4
2025-01-26 16:00:00+00:00,0.0577,0.0579,0.0566,0.0567,13844882.6
2025-01-26 16:15:00+00:00,0.0567,0.0573,0.0567,0.057,3676080.3
2025-01-26 16:30:00+00:00,0.0569,0.0571,0.0568,0.057,2443917.8
2025-01-26 16:45:00+00:00,0.057,0.0573,0.0567,0.057,3363529.7
2025-01-26 17:00:00+00:00,0.057,0.0576,0.057,0.0574,3152239.8
2025-01-26 17:15:00+00:00,0.0574,0.0583,0.0573,0.0578,7463412.8
2025-01-26 17:30:00+00:00,0.0579,0.058,0.0573,0.0574,3789113.1
2025-01-26 17:45:00+00:00,0.0575,0.0581,0.0572,0.0579,4583832.0
2025-01-26 18:00:00+00:00,0.0579,0.0583,0.0576,0.0582,5350046.0
2025-01-26 18:15:00+00:00,0.0583,0.0585,0.0579,0.0584,5068346.6
2025-01-26 18:30:00+00:00,0.0584,0.0585,0.0578,0.0578,3615292.8
2025-01-26 18:45:00+00:00,0.0578,0.0579,0.0577,0.0578,2087476.0
2025-01-26 19:00:00+00:00,0.0578,0.0578,0.0574,0.0574,2101022.2
2025-01-26 19:15:00+00:00,0.0574,0.0576,0.0572,0.0572,4167169.2
2025-01-26 19:30:00+00:00,0.0573,0.0573,0.0569,0.0571,4697121.0
2025-01-26 19:45:00+00:00,0.0571,0.0572,0.0569,0.0571,2846042.4
2025-01-26 20:00:00+00:00,0.0571,0.0572,0.057,0.0572,3260413.1
2025-01-26 20:15:00+00:00,0.0571,0.0576,0.0571,0.0575,5706829.0
2025-01-26 20:30:00+00:00,0.0575,0.0575,0.057,0.057,2240745.5
2025-01-26 20:45:00+00:00,0.057,0.0575,0.057,0.0571,2766842.9
2025-01-26 21:00:00+00:00,0.057,0.0571,0.056,0.0561,7289833.8
2025-01-26 21:15:00+00:00,0.0561,0.0563,0.0557,0.0557,5501630.4
2025-01-26 21:30:00+00:00,0.0558,0.0559,0.0556,0.0556,2955947.5
2025-01-26 21:45:00+00:00,0.0557,0.0558,0.0552,0.0555,6322092.2
2025-01-26 22:00:00+00:00,0.0556,0.0556,0.0543,0.0548,14419975.0
2025-01-26 22:15:00+00:00,0.0549,0.055,0.0546,0.0548,4941546.6
2025-01-26 22:30:00+00:00,0.0548,0.0559,0.0548,0.0557,7112248.4
2025-01-26 22:45:00+00:00,0.0556,0.0557,0.0549,0.0551,3003764.6
2025-01-26 23:00:00+00:00,0.055,0.0551,0.0545,0.0546,4484062.8
2025-01-26 23:15:00+00:00,0.0546,0.0547,0.0536,0.0543,22156885.9
2025-01-26 23:30:00+00:00,0.0543,0.055,0.0539,0.0547,7561241.2
2025-01-26 23:45:00+00:00,0.0547,0.0548,0.0543,0.0544,7070541.3
2025-01-27 00:00:00+00:00,0.0544,0.0549,0.0532,0.0533,19380225.4
2025-01-27 00:15:00+00:00,0.0533,0.0534,0.0527,0.0531,11520275.7
2025-01-27 00:30:00+00:00,0.0531,0.0531,0.0522,0.0526,11934928.8
2025-01-27 00:45:00+00:00,0.0525,0.0528,0.0524,0.0526,6600820.1
2025-01-27 01:00:00+00:00,0.0526,0.0528,0.051,0.0511,10384852.2
2025-01-27 01:15:00+00:00,0.0511,0.0519,0.0506,0.0514,10945743.6
2025-01-27 01:30:00+00:00,0.0514,0.0515,0.0505,0.0511,9804070.4
2025-01-27 01:45:00+00:00,0.0511,0.0521,0.0511,0.0514,6002315.0
2025-01-27 02:00:00+00:00,0.0515,0.0515,0.0508,0.0514,5703702.0
2025-01-27 02:15:00+00:00,0.0514,0.0515,0.0506,0.0507,6272959.6
2025-01-27 02:30:00+00:00,0.0506,0.0512,0.0505,0.0512,7497870.8
2025-01-27 02:45:00+00:00,0.0511,0.0514,0.0507,0.0512,3604987.5
2025-01-27 03:00:00+00:00,0.0513,0.0517,0.0509,0.0514,7428423.7
2025-01-27 03:15:00+00:00,0.0514,0.0515,0.051,0.0511,2007613.4
2025-01-27 03:30:00+00:00,0.0512,0.0516,0.0509,0.0514,5258873.1
2025-01-27 03:45:00+00:00,0.0515,0.0515,0.0509,0.051,3652302.9
2025-01-27 04:00:00+00:00,0.051,0.0513,0.0506,0.0506,2548567.0
2025-01-27 04:15:00+00:00,0.0506,0.051,0.0505,0.0507,2942266.9
2025-01-27 04:30:00+00:00,0.0507,0.0511,0.0505,0.0506,3023014.5
2025-01-27 04:45:00+00:00,0.0506,0.0508,0.0502,0.0503,3880009.8
2025-01-27 05:00:00+00:00,0.0504,0.0506,0.0501,0.0502,11706804.9
2025-01-27 05:15:00+00:00,0.0503,0.0509,0.0502,0.0508,3873012.7
2025-01-27 05:30:00+00:00,0.0508,0.0512,0.0504,0.0507,9310526.7
2025-01-27 05:45:00+00:00,0.0507,0.0507,0.0501,0.0505,9334112.0
2025-01-27 06:00:00+00:00,0.0506,0.0514,0.0504,0.0507,6377943.5
2025-01-27 06:15:00+00:00,0.0508,0.0509,0.0502,0.0504,5640593.5
2025-01-27 06:30:00+00:00,0.0504,0.0507,0.0493,0.0497,9720826.2
2025-01-27 06:45:00+00:00,0.0498,0.0502,0.0496,0.05,9396162.8
2025-01-27 07:00:00+00:00,0.05,0.0502,0.0497,0.0498,12332218.8
2025-01-27 07:15:00+00:00,0.0499,0.0499,0.0478,0.048,24301219.7
2025-01-27 07:30:00+00:00,0.048,0.0489,0.0478,0.0484,22063471.1
2025-01-27 07:45:00+00:00,0.0485,0.0487,0.0478,0.0481,12268560.7
2025-01-27 08:00:00+00:00,0.048,0.0482,0.0461,0.0466,22704871.3
2025-01-27 08:15:00+00:00,0.0467,0.0471,0.0461,0.0466,8412141.3
2025-01-27 08:30:00+00:00,0.0467,0.0467,0.0457,0.046,16302695.4
2025-01-27 08:45:00+00:00,0.0459,0.0471,0.0459,0.0469,9664482.5
2025-01-27 09:00:00+00:00,0.0469,0.0475,0.0466,0.0471,5758445.3
2025-01-27 09:15:00+00:00,0.0471,0.0473,0.0463,0.0464,4397741.5
2025-01-27 09:30:00+00:00,0.0464,0.0464,0.046,0.0461,6077459.3
2025-01-27 09:45:00+00:00,0.0462,0.0466,0.046,0.0465,6189832.5
2025-01-27 10:00:00+00:00,0.0464,0.0466,0.046,0.0463,3943085.2
2025-01-27 10:15:00+00:00,0.0463,0.0464,0.0457,0.0462,5245905.5
2025-01-27 10:30:00+00:00,0.0462,0.0465,0.0455,0.0458,4758224.0
2025-01-27 10:45:00+00:00,0.0458,0.0462,0.0453,0.0459,7380691.1
2025-01-27 11:00:00+00:00,0.0459,0.0464,0.0458,0.0461,5838278.8
2025-01-27 11:15:00+00:00,0.0461,0.0469,0.046,0.0465,5547005.7
2025-01-27 11:30:00+00:00,0.0465,0.0477,0.0462,0.0473,15344189.1
2025-01-27 11:45:00+00:00,0.0473,0.048,0.0469,0.0478,14934145.2
2025-01-27 12:00:00+00:00,0.0478,0.0487,0.0476,0.0476,11999275.4
2025-01-27 12:15:00+00:00,0.0476,0.0477,0.0468,0.0471,6977482.2
2025-01-27 12:30:00+00:00,0.0471,0.0475,0.047,0.0472,5075141.3
2025-01-27 12:45:00+00:00,0.0473,0.0488,0.0471,0.0479,13871356.0
2025-01-27 13:00:00+00:00,0.0479,0.0485,0.0475,0.0485,11857686.6
2025-01-27 13:15:00+00:00,0.0484,0.0484,0.0476,0.0478,5345714.7
2025-01-27 13:30:00+00:00,0.0478,0.0483,0.0477,0.0477,2789985.3
2025-01-27 13:45:00+00:00,0.0478,0.048,0.0472,0.0473,8534930.7
2025-01-27 14:00:00+00:00,0.0474,0.0477,0.0473,0.0474,3422068.0
2025-01-27 14:15:00+00:00,0.0474,0.048,0.0474,0.0475,3786562.3
2025-01-27 14:30:00+00:00,0.0474,0.0482,0.0473,0.0482,8267163.6
2025-01-27 14:45:00+00:00,0.0481,0.0488,0.048,0.0484,5501811.8
2025-01-27 15:00:00+00:00,0.0484,0.0488,0.0482,0.0485,6644828.1
2025-01-27 15:15:00+00:00,0.0484,0.0489,0.0479,0.0486,13846311.4
2025-01-27 15:30:00+00:00,0.0487,0.0493,0.0485,0.0489,11273723.2
2025-01-27 15:45:00+00:00,0.0489,0.0491,0.0484,0.0485,4949887.9
2025-01-27 16:00:00+00:00,0.0485,0.0493,0.0484,0.0492,5854426.7
2025-01-27 16:15:00+00:00,0.0492,0.0493,0.0486,0.0488,4942128.7
2025-01-27 16:30:00+00:00,0.0489,0.049,0.0477,0.048,4568571.9
2025-01-27 16:45:00+00:00,0.048,0.0481,0.0474,0.0476,4912780.1
2025-01-27 17:00:00+00:00,0.0476,0.048,0.0474,0.0477,4759484.6
2025-01-27 17:15:00+00:00,0.0478,0.0479,0.0473,0.0477,6897347.4
2025-01-27 17:30:00+00:00,0.0477,0.0478,0.0473,0.0474,3380381.1
2025-01-27 17:45:00+00:00,0.0475,0.0476,0.047,0.0473,4746724.0
2025-01-27 18:00:00+00:00,0.0473,0.0475,0.0471,0.0473,3503297.0
2025-01-27 18:15:00+00:00,0.0474,0.0475,0.0468,0.0469,3999400.5
2025-01-27 18:30:00+00:00,0.047,0.0471,0.0467,0.0468,4808032.8
2025-01-27 18:45:00+00:00,0.0468,0.047,0.0466,0.047,3809466.1
2025-01-27 19:00:00+00:00,0.0469,0.0473,0.0469,0.0471,3815341.3
2025-01-27 19:15:00+00:00,0.0471,0.0472,0.0468,0.0471,4560076.9
2025-01-27 19:30:00+00:00,0.0472,0.0472,0.0467,0.0468,3993256.6
2025-01-27 19:45:00+00:00,0.0468,0.0469,0.0465,0.0468,3122804.0
2025-01-27 20:00:00+00:00,0.0469,0.0475,0.0469,0.0473,3421094.2
2025-01-27 20:15:00+00:00,0.0473,0.048,0.0472,0.0477,3557240.1
2025-01-27 20:30:00+00:00,0.0477,0.0484,0.0477,0.0484,3532570.4
2025-01-27 20:45:00+00:00,0.0483,0.049,0.0483,0.0488,4508479.8
2025-01-27 21:00:00+00:00,0.0488,0.0495,0.0487,0.0492,5908642.1
2025-01-27 21:15:00+00:00,0.0493,0.0495,0.049,0.0492,5969040.0
2025-01-27 21:30:00+00:00,0.0492,0.0493,0.0485,0.0486,4718426.2
2025-01-27 21:45:00+00:00,0.0487,0.0491,0.0486,0.0488,3123141.0
2025-01-27 22:00:00+00:00,0.0488,0.0492,0.0487,0.0489,4169017.0
2025-01-27 22:15:00+00:00,0.0489,0.049,0.0485,0.0487,2464169.4
2025-01-27 22:30:00+00:00,0.0487,0.0488,0.0485,0.0487,2457617.6
2025-01-27 22:45:00+00:00,0.0487,0.049,0.0487,0.0488,1051037.4
2025-01-27 23:00:00+00:00,0.0489,0.0492,0.0488,0.0489,1996917.4
2025-01-27 23:15:00+00:00,0.049,0.049,0.0485,0.0485,3181569.9
2025-01-27 23:30:00+00:00,0.0486,0.0489,0.0485,0.0487,2788380.6
2025-01-27 23:45:00+00:00,0.0487,0.0494,0.0486,0.0494,5826837.5
2025-01-28 00:00:00+00:00,0.0493,0.0493,0.0483,0.0484,8899536.2
2025-01-28 00:15:00+00:00,0.0483,0.0487,0.0482,0.0486,3538685.3
2025-01-28 00:30:00+00:00,0.0487,0.0504,0.0484,0.0498,12825461.1
2025-01-28 00:45:00+00:00,0.0499,0.0519,0.0498,0.0508,54589790.9
2025-01-28 01:00:00+00:00,0.0508,0.051,0.0498,0.0498,16453696.3
2025-01-28 01:15:00+00:00,0.0498,0.0501,0.0487,0.0487,10219968.2
2025-01-28 01:30:00+00:00,0.0488,0.0492,0.0487,0.0488,6349358.6
2025-01-28 01:45:00+00:00,0.0489,0.049,0.0485,0.0487,5225967.9
2025-01-28 02:00:00+00:00,0.0486,0.0487,0.0483,0.0484,4377234.0
2025-01-28 02:15:00+00:00,0.0484,0.0488,0.0483,0.0484,3612088.0
2025-01-28 02:30:00+00:00,0.0485,0.0485,0.0481,0.0483,3328370.0
2025-01-28 02:45:00+00:00,0.0484,0.0486,0.0481,0.0485,3165391.3
2025-01-28 03:00:00+00:00,0.0484,0.0486,0.0479,0.0481,4487508.5
2025-01-28 03:15:00+00:00,0.0481,0.0483,0.0479,0.0482,5025693.1
2025-01-28 03:30:00+00:00,0.0482,0.0489,0.0481,0.0487,3301436.0
2025-01-28 03:45:00+00:00,0.0487,0.0489,0.0483,0.0486,5568591.1
2025-01-28 04:00:00+00:00,0.0486,0.0489,0.0486,0.0488,4967370.4
2025-01-28 04:15:00+00:00,0.0488,0.0491,0.0488,0.0488,2755670.3
2025-01-28 04:30:00+00:00,0.0488,0.0494,0.0487,0.0492,7095422.7
2025-01-28 04:45:00+00:00,0.0491,0.0493,0.0488,0.049,3940459.9
2025-01-28 05:00:00+00:00,0.049,0.0491,0.0486,0.0487,8273970.2
2025-01-28 05:15:00+00:00,0.0487,0.0493,0.0487,0.0493,3574545.5
2025-01-28 05:30:00+00:00,0.0493,0.0493,0.0489,0.0491,2562743.7
2025-01-28 05:45:00+00:00,0.0491,0.0491,0.0486,0.0487,9863969.3
2025-01-28 06:00:00+00:00,0.0488,0.0491,0.0482,0.0484,9025872.7
2025-01-28 06:15:00+00:00,0.0484,0.0485,0.0481,0.0483,13479317.8
2025-01-28 06:30:00+00:00,0.0483,0.0484,0.0477,0.0479,9159967.3
2025-01-28 06:45:00+00:00,0.0479,0.048,0.0477,0.0477,3494066.8
2025-01-28 07:00:00+00:00,0.0477,0.0481,0.0477,0.048,3388612.8
2025-01-28 07:15:00+00:00,0.048,0.0482,0.0478,0.0482,1836646.4
2025-01-28 07:30:00+00:00,0.0481,0.0482,0.0478,0.0478,2110104.3
2025-01-28 07:45:00+00:00,0.0478,0.048,0.0477,0.0479,2725297.9
2025-01-28 08:00:00+00:00,0.0479,0.048,0.0475,0.0476,4290529.5
2025-01-28 08:15:00+00:00,0.0476,0.0477,0.0474,0.0477,3810547.2
2025-01-28 08:30:00+00:00,0.0477,0.0478,0.0474,0.0478,5396564.7
2025-01-28 08:45:00+00:00,0.0478,0.048,0.0476,0.0478,2971303.5
2025-01-28 09:00:00+00:00,0.0478,0.0479,0.0474,0.0476,3565551.3
2025-01-28 09:15:00+00:00,0.0476,0.0477,0.0474,0.0476,2960084.4
2025-01-28 09:30:00+00:00,0.0476,0.0482,0.0476,0.048,4477947.8
2025-01-28 09:45:00+00:00,0.0481,0.0483,0.048,0.0482,4182006.2
2025-01-28 10:00:00+00:00,0.0481,0.0481,0.0478,0.0479,4249684.2
2025-01-28 10:15:00+00:00,0.0479,0.0488,0.0479,0.0483,8223999.8
2025-01-28 10:30:00+00:00,0.0484,0.0489,0.0483,0.0487,6997248.4
2025-01-28 10:45:00+00:00,0.0487,0.0489,0.0486,0.0486,3324626.9
2025-01-28 11:00:00+00:00,0.0487,0.0491,0.0485,0.049,3612263.4
2025-01-28 11:15:00+00:00,0.0489,0.0491,0.0484,0.0489,5187331.2
2025-01-28 11:30:00+00:00,0.0488,0.0489,0.0484,0.0485,3573546.2
2025-01-28 11:45:00+00:00,0.0485,0.0487,0.0483,0.0484,2000393.1
2025-01-28 12:00:00+00:00,0.0485,0.0488,0.0481,0.0482,3797424.9
2025-01-28 12:15:00+00:00,0.0482,0.0483,0.048,0.0482,2603428.7
2025-01-28 12:30:00+00:00,0.0482,0.0482,0.0478,0.048,3496181.0
2025-01-28 12:45:00+00:00,0.048,0.048,0.0477,0.0477,2806088.2
2025-01-28 13:00:00+00:00,0.0478,0.0488,0.0477,0.0486,7586361.5
2025-01-28 13:15:00+00:00,0.0487,0.0488,0.0483,0.0487,2238019.7
2025-01-28 13:30:00+00:00,0.0486,0.0489,0.0484,0.0486,4198023.6
2025-01-28 13:45:00+00:00,0.0486,0.049,0.0485,0.0489,1846708.0
2025-01-28 14:00:00+00:00,0.0489,0.049,0.0485,0.0487,4725254.7
2025-01-28 14:15:00+00:00,0.0486,0.049,0.0485,0.0487,4842742.6
2025-01-28 14:30:00+00:00,0.0487,0.0497,0.0486,0.0492,7939303.2
2025-01-28 14:45:00+00:00,0.0493,0.0494,0.0489,0.049,6722681.5
2025-01-28 15:00:00+00:00,0.049,0.0494,0.0487,0.0489,5469114.9
2025-01-28 15:15:00+00:00,0.049,0.0497,0.0486,0.0496,3969318.2
2025-01-28 15:30:00+00:00,0.0495,0.0497,0.0492,0.0493,5038822.7
2025-01-28 15:45:00+00:00,0.0493,0.0497,0.0492,0.0495,5892810.4
2025-01-28 16:00:00+00:00,0.0496,0.0496,0.0486,0.0486,5120081.1
2025-01-28 16:15:00+00:00,0.0486,0.049,0.0485,0.0489,5244761.5
2025-01-28 16:30:00+00:00,0.0489,0.0491,0.0484,0.0485,6297145.9
2025-01-28 16:45:00+00:00,0.0486,0.0486,0.0478,0.0479,5502270.7
2025-01-28 17:00:00+00:00,0.048,0.049,0.0479,0.0488,4955984.2
2025-01-28 17:15:00+00:00,0.0488,0.0491,0.0486,0.0489,3893385.9
2025-01-28 17:30:00+00:00,0.0489,0.049,0.0484,0.0485,3701729.0
2025-01-28 17:45:00+00:00,0.0485,0.0488,0.0483,0.0484,2357096.7
2025-01-28 18:00:00+00:00,0.0483,0.0485,0.0479,0.0482,3367661.8
2025-01-28 18:15:00+00:00,0.0483,0.0484,0.048,0.0481,2785824.5
2025-01-28 18:30:00+00:00,0.0482,0.0483,0.0477,0.0479,3041533.6
2025-01-28 18:45:00+00:00,0.0479,0.0479,0.0474,0.0475,3818028.3
2025-01-28 19:00:00+00:00,0.0475,0.0476,0.0471,0.0475,6751439.9
2025-01-28 19:15:00+00:00,0.0474,0.0475,0.0473,0.0475,3326479.1
2025-01-28 19:30:00+00:00,0.0474,0.0475,0.0471,0.0472,2776316.5
2025-01-28 19:45:00+00:00,0.0471,0.0476,0.0471,0.0475,2458208.5
2025-01-28 20:00:00+00:00,0.0475,0.0475,0.047,0.0474,2095332.6
2025-01-28 20:15:00+00:00,0.0474,0.0475,0.0468,0.0468,5365784.5
2025-01-28 20:30:00+00:00,0.0468,0.0469,0.0466,0.0466,4064550.5
2025-01-28 20:45:00+00:00,0.0467,0.0467,0.046,0.0461,9682927.1
2025-01-28 21:00:00+00:00,0.0462,0.0464,0.046,0.0461,5377625.5
2025-01-28 21:15:00+00:00,0.0461,0.0462,0.0459,0.0459,5254561.9
2025-01-28 21:30:00+00:00,0.0459,0.046,0.0453,0.0454,6526114.4
2025-01-28 21:45:00+00:00,0.0453,0.0454,0.0446,0.0447,5586452.1
2025-01-28 22:00:00+00:00,0.0447,0.0447,0.0437,0.0442,14676964.7
2025-01-28 22:15:00+00:00,0.0442,0.0446,0.0438,0.0439,3596474.5
2025-01-28 22:30:00+00:00,0.0439,0.0443,0.0437,0.0442,3857992.4
2025-01-28 22:45:00+00:00,0.0443,0.0443,0.0438,0.0441,3482638.9
2025-01-28 23:00:00+00:00,0.0441,0.0447,0.0439,0.0443,7446394.9
2025-01-28 23:15:00+00:00,0.0442,0.0444,0.044,0.0442,4005998.2
2025-01-28 23:30:00+00:00,0.0442,0.0442,0.0437,0.0442,6387069.4
2025-01-28 23:45:00+00:00,0.0442,0.045,0.0441,0.045,6047093.3
2025-01-29 00:00:00+00:00,0.045,0.045,0.0438,0.0445,14618853.8
2025-01-29 00:15:00+00:00,0.0445,0.0447,0.044,0.0443,8532627.5
2025-01-29 00:30:00+00:00,0.0442,0.0445,0.0433,0.0438,8978456.9
2025-01-29 00:45:00+00:00,0.0438,0.0443,0.0436,0.044,6812145.6
2025-01-29 01:00:00+00:00,0.044,0.0441,0.0439,0.0439,3785106.5
2025-01-29 01:15:00+00:00,0.0439,0.0442,0.0438,0.0441,4265010.4
2025-01-29 01:30:00+00:00,0.0442,0.0446,0.0439,0.0445,4202963.6
2025-01-29 01:45:00+00:00,0.0446,0.0446,0.0442,0.0443,3380079.8
2025-01-29 02:00:00+00:00,0.0443,0.0455,0.0442,0.0451,7475640.7
2025-01-29 02:15:00+00:00,0.0451,0.0453,0.045,0.0451,3811658.2
2025-01-29 02:30:00+00:00,0.0451,0.0453,0.0446,0.0447,4255720.0
2025-01-29 02:45:00+00:00,0.0448,0.045,0.0446,0.0449,2916392.7
2025-01-29 03:00:00+00:00,0.0448,0.0452,0.0447,0.0449,4015703.4
2025-01-29 03:15:00+00:00,0.0449,0.045,0.0446,0.0448,5776727.5
2025-01-29 03:30:00+00:00,0.0448,0.0449,0.0446,0.0448,4278466.3
2025-01-29 03:45:00+00:00,0.0447,0.0449,0.0446,0.0447,4011236.8
2025-01-29 04:00:00+00:00,0.0447,0.0447,0.0443,0.0444,5271672.6
2025-01-29 04:15:00+00:00,0.0445,0.0451,0.0444,0.045,4999721.1
2025-01-29 04:30:00+00:00,0.0449,0.045,0.0447,0.0448,2147583.7
2025-01-29 04:45:00+00:00,0.0448,0.045,0.0446,0.0447,2249378.9
2025-01-29 05:00:00+00:00,0.0447,0.0448,0.0444,0.0447,4584575.4
2025-01-29 05:15:00+00:00,0.0447,0.0455,0.0447,0.0451,4599116.6
2025-01-29 05:30:00+00:00,0.0451,0.0462,0.0451,0.0458,8366643.3
2025-01-29 05:45:00+00:00,0.0457,0.046,0.0456,0.0458,4494136.9
2025-01-29 06:00:00+00:00,0.0459,0.0459,0.045,0.0453,4303985.0
2025-01-29 06:15:00+00:00,0.0452,0.0456,0.0451,0.0456,5383314.0
2025-01-29 06:30:00+00:00,0.0456,0.0459,0.0454,0.0457,5760389.3
2025-01-29 06:45:00+00:00,0.0458,0.0461,0.0456,0.0457,4017704.0
2025-01-29 07:00:00+00:00,0.0458,0.0459,0.0455,0.0456,2245412.3
2025-01-29 07:15:00+00:00,0.0456,0.0458,0.0455,0.0457,1480708.1
2025-01-29 07:30:00+00:00,0.0457,0.0457,0.0455,0.0456,2790171.9
2025-01-29 07:45:00+00:00,0.0457,0.0458,0.0455,0.0456,2978529.5
2025-01-29 08:00:00+00:00,0.0457,0.0459,0.0455,0.0459,6015812.6
2025-01-29 08:15:00+00:00,0.0458,0.046,0.0456,0.0459,3051602.1
2025-01-29 08:30:00+00:00,0.0459,0.046,0.0455,0.0456,3499751.8
2025-01-29 08:45:00+00:00,0.0456,0.0456,0.0451,0.0454,3241019.1
2025-01-29 09:00:00+00:00,0.0454,0.0455,0.0451,0.0452,2269748.6
2025-01-29 09:15:00+00:00,0.0452,0.0454,0.045,0.0451,3628530.4
2025-01-29 09:30:00+00:00,0.0452,0.0453,0.0451,0.0453,2209432.2
2025-01-29 09:45:00+00:00,0.0453,0.0463,0.0452,0.0463,9189529.8
2025-01-29 10:00:00+00:00,0.0462,0.0462,0.0455,0.0457,3275110.9
2025-01-29 10:15:00+00:00,0.0457,0.0463,0.0456,0.0458,3995294.8
2025-01-29 10:30:00+00:00,0.0458,0.0461,0.0458,0.0461,1417032.8
2025-01-29 10:45:00+00:00,0.0461,0.0461,0.0458,0.046,1679260.1
2025-01-29 11:00:00+00:00,0.046,0.0461,0.0459,0.0459,1993489.9
2025-01-29 11:15:00+00:00,0.0459,0.0461,0.0458,0.046,1588524.6
2025-01-29 11:30:00+00:00,0.046,0.046,0.0456,0.0456,1902372.9
2025-01-29 11:45:00+00:00,0.0457,0.0458,0.0455,0.0457,2491962.6
2025-01-29 12:00:00+00:00,0.0457,0.0457,0.0455,0.0456,1755448.7
2025-01-29 12:15:00+00:00,0.0457,0.0457,0.0451,0.0452,5670246.4
2025-01-29 12:30:00+00:00,0.0451,0.0453,0.0447,0.0449,3893254.6
2025-01-29 12:45:00+00:00,0.0449,0.045,0.0447,0.0447,2215041.4
2025-01-29 13:00:00+00:00,0.0447,0.0448,0.0443,0.0446,2570310.3
2025-01-29 13:15:00+00:00,0.0446,0.0447,0.0442,0.0443,4780365.0
2025-01-29 13:30:00+00:00,0.0444,0.0447,0.0442,0.0445,4384119.8
2025-01-29 13:45:00+00:00,0.0445,0.0447,0.0442,0.0444,2990516.7
2025-01-29 14:00:00+00:00,0.0443,0.0446,0.0441,0.0444,3157015.4
2025-01-29 14:15:00+00:00,0.0443,0.0446,0.0442,0.0444,3341004.8
2025-01-29 14:30:00+00:00,0.0444,0.0445,0.0438,0.044,4429662.1
2025-01-29 14:45:00+00:00,0.0441,0.0442,0.0438,0.0441,2452076.7
2025-01-29 15:00:00+00:00,0.0442,0.0447,0.0441,0.0446,3550142.1
2025-01-29 15:15:00+00:00,0.0446,0.0446,0.0441,0.0443,2746472.1
2025-01-29 15:30:00+00:00,0.0442,0.0444,0.0442,0.0443,2164409.1
2025-01-29 15:45:00+00:00,0.0443,0.0446,0.0442,0.0444,1571962.5
2025-01-29 16:00:00+00:00,0.0445,0.0445,0.0438,0.0439,3313789.5
2025-01-29 16:15:00+00:00,0.0439,0.044,0.0435,0.0439,3946275.9
2025-01-29 16:30:00+00:00,0.0439,0.0441,0.0437,0.0439,3556264.4
2025-01-29 16:45:00+00:00,0.044,0.0442,0.0439,0.0441,2878740.2
2025-01-29 17:00:00+00:00,0.0441,0.0444,0.0441,0.0443,2112961.0
2025-01-29 17:15:00+00:00,0.0443,0.0449,0.0442,0.0448,4995371.7
2025-01-29 17:30:00+00:00,0.0448,0.0452,0.0447,0.0452,3013242.8
2025-01-29 17:45:00+00:00,0.0451,0.0452,0.0448,0.0449,2650637.6
2025-01-29 18:00:00+00:00,0.045,0.045,0.0442,0.0446,5659123.5
2025-01-29 18:15:00+00:00,0.0445,0.0446,0.0442,0.0444,2679963.2
2025-01-29 18:30:00+00:00,0.0445,0.045,0.0445,0.0448,3301091.1
2025-01-29 18:45:00+00:00,0.0449,0.0457,0.0448,0.0455,9683127.0
2025-01-29 19:00:00+00:00,0.0454,0.0454,0.0437,0.0441,21978470.4
2025-01-29 19:15:00+00:00,0.0441,0.0441,0.0431,0.0434,7661198.9
2025-01-29 19:30:00+00:00,0.0433,0.046,0.0433,0.0458,18111200.3
2025-01-29 19:45:00+00:00,0.0458,0.0462,0.0453,0.0456,14672086.8
2025-01-29 20:00:00+00:00,0.0456,0.0456,0.0447,0.0451,9126530.8
2025-01-29 20:15:00+00:00,0.0451,0.0468,0.0448,0.0466,13739499.6
2025-01-29 20:30:00+00:00,0.0466,0.0467,0.0457,0.0458,8833580.4
2025-01-29 20:45:00+00:00,0.0459,0.046,0.0456,0.0457,4904035.4
2025-01-29 21:00:00+00:00,0.0457,0.0458,0.0452,0.0456,4430608.8
2025-01-29 21:15:00+00:00,0.0456,0.0462,0.0456,0.046,5034089.0
2025-01-29 21:30:00+00:00,0.0461,0.0464,0.0457,0.0458,4175345.8
2025-01-29 21:45:00+00:00,0.0457,0.0458,0.0454,0.0455,3811512.4
2025-01-29 22:00:00+00:00,0.0456,0.0456,0.0451,0.0454,3601381.2
2025-01-29 22:15:00+00:00,0.0454,0.0454,0.0451,0.0453,4416835.7
2025-01-29 22:30:00+00:00,0.0453,0.0457,0.0452,0.0454,2702263.2
2025-01-29 22:45:00+00:00,0.0453,0.0455,0.045,0.045,1557788.8
2025-01-29 23:00:00+00:00,0.045,0.0452,0.0448,0.0451,3011822.1
2025-01-29 23:15:00+00:00,0.0451,0.0453,0.0448,0.045,4058151.0
2025-01-29 23:30:00+00:00,0.045,0.045,0.0447,0.0447,2096420.5
2025-01-29 23:45:00+00:00,0.0448,0.0449,0.0445,0.0449,5443105.5
2025-01-30 00:00:00+00:00,0.0449,0.0449,0.0439,0.0439,7619852.1
2025-01-30 00:15:00+00:00,0.0439,0.0444,0.0439,0.0442,4052947.4
2025-01-30 00:30:00+00:00,0.0442,0.0445,0.044,0.0443,3455747.2
2025-01-30 00:45:00+00:00,0.0443,0.0447,0.0442,0.0445,3646646.3
2025-01-30 01:00:00+00:00,0.0445,0.0448,0.0444,0.0447,2931915.0
2025-01-30 01:15:00+00:00,0.0447,0.0459,0.0447,0.0455,11392084.6
2025-01-30 01:30:00+00:00,0.0456,0.0459,0.0453,0.0459,3867808.0
2025-01-30 01:45:00+00:00,0.0459,0.0463,0.0457,0.0458,4189444.2
2025-01-30 02:00:00+00:00,0.0458,0.0459,0.0452,0.0452,3295572.0
2025-01-30 02:15:00+00:00,0.0453,0.0455,0.0451,0.0455,3650332.9
2025-01-30 02:30:00+00:00,0.0455,0.0457,0.0453,0.0453,3452671.0
2025-01-30 02:45:00+00:00,0.0453,0.0453,0.045,0.0453,3725785.1
2025-01-30 03:00:00+00:00,0.0453,0.0457,0.0453,0.0456,3110492.2
2025-01-30 03:15:00+00:00,0.0456,0.0457,0.0454,0.0454,3376517.2
2025-01-30 03:30:00+00:00,0.0454,0.0455,0.0449,0.0451,15974918.4
2025-01-30 03:45:00+00:00,0.0452,0.0457,0.0451,0.0457,5158277.9
2025-01-30 04:00:00+00:00,0.0457,0.0458,0.0453,0.0455,4238991.9
2025-01-30 04:15:00+00:00,0.0454,0.046,0.0454,0.0458,3611693.1
2025-01-30 04:30:00+00:00,0.0458,0.0458,0.0456,0.0457,2402321.9
2025-01-30 04:45:00+00:00,0.0457,0.0458,0.0454,0.0456,4073139.6
2025-01-30 05:00:00+00:00,0.0456,0.0458,0.0456,0.0457,2520728.8
2025-01-30 05:15:00+00:00,0.0457,0.0457,0.0452,0.0453,5676962.6
2025-01-30 05:30:00+00:00,0.0453,0.0454,0.0452,0.0454,1703817.6
2025-01-30 05:45:00+00:00,0.0454,0.0454,0.0449,0.0451,14550227.3
2025-01-30 06:00:00+00:00,0.0451,0.0455,0.0451,0.0453,2667857.2
2025-01-30 06:15:00+00:00,0.0454,0.0455,0.0451,0.0451,3605001.5
2025-01-30 06:30:00+00:00,0.0451,0.0453,0.045,0.0451,3371426.0
2025-01-30 06:45:00+00:00,0.0451,0.0452,0.0441,0.0448,13062528.1
2025-01-30 07:00:00+00:00,0.0448,0.045,0.0445,0.0445,2452792.3
2025-01-30 07:15:00+00:00,0.0446,0.0449,0.0445,0.0446,2614312.5
2025-01-30 07:30:00+00:00,0.0446,0.0447,0.0445,0.0446,3590202.9
2025-01-30 07:45:00+00:00,0.0446,0.0451,0.0445,0.045,3901983.5
2025-01-30 08:00:00+00:00,0.0451,0.0452,0.0446,0.0446,3304798.8
2025-01-30 08:15:00+00:00,0.0447,0.0451,0.0447,0.045,4577383.5
2025-01-30 08:30:00+00:00,0.0449,0.045,0.0448,0.0448,1340469.3
2025-01-30 08:45:00+00:00,0.0448,0.0452,0.0448,0.0449,3184134.9
2025-01-30 09:00:00+00:00,0.0449,0.0452,0.0448,0.0452,4587130.1
2025-01-30 09:15:00+00:00,0.0451,0.0455,0.0451,0.0455,1392515.1
2025-01-30 09:30:00+00:00,0.0455,0.0456,0.0454,0.0454,3436393.3
2025-01-30 09:45:00+00:00,0.0454,0.0456,0.0452,0.0455,2432713.0
2025-01-30 10:00:00+00:00,0.0455,0.0455,0.0452,0.0453,3326082.8
2025-01-30 10:15:00+00:00,0.0453,0.0459,0.0453,0.0459,6799511.7
2025-01-30 10:30:00+00:00,0.0459,0.0461,0.0457,0.0458,9452033.8
2025-01-30 10:45:00+00:00,0.0458,0.0459,0.0456,0.0459,4977862.0
2025-01-30 11:00:00+00:00,0.0459,0.0459,0.0456,0.0456,2414525.7
2025-01-30 11:15:00+00:00,0.0456,0.0466,0.0456,0.0461,10929041.5
2025-01-30 11:30:00+00:00,0.046,0.0462,0.0458,0.0458,7154376.9
2025-01-30 11:45:00+00:00,0.0458,0.0463,0.0458,0.0463,3522222.3
2025-01-30 12:00:00+00:00,0.0463,0.0473,0.0459,0.0467,12603463.7
2025-01-30 12:15:00+00:00,0.0466,0.0477,0.0466,0.0469,15425605.4
2025-01-30 12:30:00+00:00,0.0469,0.0469,0.046,0.0462,8570734.3
2025-01-30 12:45:00+00:00,0.0461,0.0464,0.0461,0.0463,3560538.4
2025-01-30 13:00:00+00:00,0.0463,0.0466,0.0462,0.0465,4826738.2
2025-01-30 13:15:00+00:00,0.0465,0.0468,0.0463,0.0466,4755041.4
2025-01-30 13:30:00+00:00,0.0466,0.0466,0.0456,0.0457,6957230.0
2025-01-30 13:45:00+00:00,0.0457,0.0459,0.0456,0.0458,4792820.8
2025-01-30 14:00:00+00:00,0.0459,0.046,0.0454,0.0457,6865431.6
2025-01-30 14:15:00+00:00,0.0456,0.0458,0.0454,0.0458,5998214.4
2025-01-30 14:30:00+00:00,0.0458,0.0459,0.0455,0.0457,4116735.3
2025-01-30 14:45:00+00:00,0.0458,0.0464,0.0456,0.0462,5288522.2
2025-01-30 15:00:00+00:00,0.0461,0.0463,0.046,0.0461,5065896.8
2025-01-30 15:15:00+00:00,0.0461,0.0462,0.0457,0.0458,5176623.8
2025-01-30 15:30:00+00:00,0.0458,0.0463,0.0457,0.0459,7726417.5
2025-01-30 15:45:00+00:00,0.0459,0.0461,0.0457,0.0457,4865241.9
2025-01-30 16:00:00+00:00,0.0458,0.046,0.0456,0.0457,6585176.1
2025-01-30 16:15:00+00:00,0.0456,0.046,0.0456,0.046,4476393.9
2025-01-30 16:30:00+00:00,0.046,0.046,0.0457,0.0459,3102151.5
2025-01-30 16:45:00+00:00,0.0459,0.046,0.0456,0.046,1621928.3
2025-01-30 17:00:00+00:00,0.0459,0.046,0.0456,0.0457,4961158.0
2025-01-30 17:15:00+00:00,0.0458,0.0463,0.0457,0.0461,3618126.8
2025-01-30 17:30:00+00:00,0.0462,0.0466,0.0459,0.0459,4362874.5
2025-01-30 17:45:00+00:00,0.0459,0.0463,0.0458,0.0463,4827351.6
2025-01-30 18:00:00+00:00,0.0463,0.0464,0.0458,0.0461,4085941.6
2025-01-30 18:15:00+00:00,0.046,0.0462,0.0454,0.0455,5845709.3
2025-01-30 18:30:00+00:00,0.0456,0.0461,0.0455,0.0459,1989112.9
2025-01-30 18:45:00+00:00,0.0459,0.0461,0.0457,0.046,2262686.0
2025-01-30 19:00:00+00:00,0.046,0.0461,0.0458,0.0459,2531879.4
2025-01-30 19:15:00+00:00,0.046,0.046,0.0456,0.0458,2039329.4
2025-01-30 19:30:00+00:00,0.0458,0.0459,0.0455,0.0456,2732608.3
2025-01-30 19:45:00+00:00,0.0456,0.0459,0.0456,0.0457,2349755.3
2025-01-30 20:00:00+00:00,0.0458,0.0458,0.0455,0.0456,3391250.5
2025-01-30 20:15:00+00:00,0.0456,0.0458,0.0456,0.0457,3743031.2
2025-01-30 20:30:00+00:00,0.0457,0.0458,0.0451,0.0451,10647450.6
2025-01-30 20:45:00+00:00,0.0452,0.0454,0.045,0.0451,6437086.2
2025-01-30 21:00:00+00:00,0.0451,0.0451,0.0448,0.0449,5328073.8
2025-01-30 21:15:00+00:00,0.0449,0.0454,0.0448,0.0452,3933122.7
2025-01-30 21:30:00+00:00,0.0452,0.0454,0.0451,0.0451,2543809.2
2025-01-30 21:45:00+00:00,0.0451,0.0452,0.0449,0.0451,4862895.7
2025-01-30 22:00:00+00:00,0.0451,0.0452,0.0449,0.0452,5857150.2
2025-01-30 22:15:00+00:00,0.0452,0.0455,0.0451,0.0454,3593486.0
2025-01-30 22:30:00+00:00,0.0455,0.0459,0.0453,0.0458,5316577.4
2025-01-30 22:45:00+00:00,0.0459,0.0459,0.0455,0.0456,2756093.6
2025-01-30 23:00:00+00:00,0.0456,0.0457,0.0454,0.0455,2646268.9
2025-01-30 23:15:00+00:00,0.0455,0.0458,0.0455,0.0455,2067793.9
2025-01-30 23:30:00+00:00,0.0455,0.0459,0.0454,0.0459,3966859.0
2025-01-30 23:45:00+00:00,0.0458,0.0459,0.0456,0.0459,2620906.1
2025-01-31 00:00:00+00:00,0.0458,0.0458,0.0449,0.0451,7629128.2
2025-01-31 00:15:00+00:00,0.0451,0.0461,0.0451,0.0461,4825240.8
2025-01-31 00:30:00+00:00,0.046,0.0468,0.0459,0.0467,7946847.7
2025-01-31 00:45:00+00:00,0.0467,0.0467,0.046,0.0463,3438664.7
2025-01-31 01:00:00+00:00,0.0462,0.0463,0.046,0.0461,1669571.1
2025-01-31 01:15:00+00:00,0.0462,0.0462,0.0457,0.0458,1979865.9
2025-01-31 01:30:00+00:00,0.0458,0.0463,0.0457,0.046,4202480.7
2025-01-31 01:45:00+00:00,0.0461,0.0463,0.046,0.0462,3272659.9
2025-01-31 02:00:00+00:00,0.0462,0.0477,0.0461,0.0472,15300950.8
2025-01-31 02:15:00+00:00,0.0471,0.0471,0.0465,0.0466,3960333.8
2025-01-31 02:30:00+00:00,0.0466,0.0477,0.0465,0.0474,7748781.2
2025-01-31 02:45:00+00:00,0.0473,0.0473,0.0466,0.0469,7830208.0
2025-01-31 03:00:00+00:00,0.0469,0.0473,0.0465,0.0466,7381676.5
2025-01-31 03:15:00+00:00,0.0466,0.0466,0.0462,0.0463,3088067.6
2025-01-31 03:30:00+00:00,0.0464,0.0465,0.046,0.0462,2596583.3
2025-01-31 03:45:00+00:00,0.0463,0.0468,0.0462,0.0468,3316373.8
2025-01-31 04:00:00+00:00,0.0468,0.0474,0.0466,0.047,7933599.1
2025-01-31 04:15:00+00:00,0.047,0.0482,0.0468,0.048,11623680.8
2025-01-31 04:30:00+00:00,0.048,0.0487,0.0475,0.0476,17394421.8
2025-01-31 04:45:00+00:00,0.0477,0.0477,0.047,0.0472,15446697.3
2025-01-31 05:00:00+00:00,0.0472,0.0475,0.0469,0.0475,10226194.0
2025-01-31 05:15:00+00:00,0.0475,0.0476,0.0468,0.0469,6855146.0
2025-01-31 05:30:00+00:00,0.0469,0.0472,0.0468,0.0472,6771884.7
2025-01-31 05:45:00+00:00,0.0472,0.0474,0.047,0.0474,3255629.6
2025-01-31 06:00:00+00:00,0.0473,0.0474,0.0463,0.0465,8124723.0
2025-01-31 06:15:00+00:00,0.0465,0.051,0.0464,0.0507,88762177.3
2025-01-31 06:30:00+00:00,0.0507,0.051,0.0496,0.0503,25098864.2
2025-01-31 06:45:00+00:00,0.0503,0.0503,0.0491,0.0494,23858070.2
2025-01-31 07:00:00+00:00,0.0494,0.05,0.0494,0.0498,14922971.5
2025-01-31 07:15:00+00:00,0.0498,0.0502,0.0495,0.0496,11627602.2
2025-01-31 07:30:00+00:00,0.0497,0.0515,0.0495,0.0509,36638194.3
2025-01-31 07:45:00+00:00,0.051,0.0512,0.0503,0.0505,28558028.4
2025-01-31 08:00:00+00:00,0.0506,0.0512,0.0501,0.0501,21501140.8
2025-01-31 08:15:00+00:00,0.0502,0.0502,0.0485,0.0489,28156094.5
2025-01-31 08:30:00+00:00,0.049,0.0492,0.0487,0.0491,7017080.0
2025-01-31 08:45:00+00:00,0.049,0.049,0.0479,0.0482,18182107.8
2025-01-31 09:00:00+00:00,0.0482,0.0485,0.0478,0.0484,14905305.1
2025-01-31 09:15:00+00:00,0.0484,0.0491,0.0482,0.0489,16596552.8
2025-01-31 09:30:00+00:00,0.0489,0.0497,0.0486,0.0495,23865251.5
2025-01-31 09:45:00+00:00,0.0495,0.0504,0.0493,0.0494,33869977.9
2025-01-31 10:00:00+00:00,0.0494,0.0502,0.0485,0.0486,40945158.0
2025-01-31 10:15:00+00:00,0.0486,0.0487,0.0477,0.048,21665513.5
2025-01-31 10:30:00+00:00,0.048,0.0483,0.0476,0.0478,13429111.6
2025-01-31 10:45:00+00:00,0.0477,0.0477,0.0468,0.047,12941134.3
2025-01-31 11:00:00+00:00,0.047,0.0477,0.0468,0.0475,13870031.1
2025-01-31 11:15:00+00:00,0.0475,0.0478,0.0472,0.0476,6822689.0
2025-01-31 11:30:00+00:00,0.0476,0.0477,0.0473,0.0474,6175343.8
2025-01-31 11:45:00+00:00,0.0474,0.048,0.0473,0.0478,6120687.9
2025-01-31 12:00:00+00:00,0.0479,0.0482,0.0476,0.0481,6575484.7
2025-01-31 12:15:00+00:00,0.0481,0.0484,0.048,0.048,6155673.8
2025-01-31 12:30:00+00:00,0.0481,0.0482,0.0477,0.0481,8929374.4
2025-01-31 12:45:00+00:00,0.0481,0.0483,0.0478,0.0481,5538129.2
2025-01-31 13:00:00+00:00,0.0481,0.0482,0.0478,0.0479,5138355.1
2025-01-31 13:15:00+00:00,0.0479,0.0481,0.0476,0.0477,4288386.1
2025-01-31 13:30:00+00:00,0.0476,0.0478,0.0473,0.0477,5618730.7
2025-01-31 13:45:00+00:00,0.0476,0.0477,0.0472,0.0474,9945279.1
2025-01-31 14:00:00+00:00,0.0474,0.0475,0.0469,0.047,8624872.1
2025-01-31 14:15:00+00:00,0.047,0.0476,0.0469,0.0475,5815419.1
2025-01-31 14:30:00+00:00,0.0475,0.0477,0.0468,0.047,9697830.9
2025-01-31 14:45:00+00:00,0.047,0.047,0.0462,0.0465,10359802.0
2025-01-31 15:00:00+00:00,0.0464,0.0467,0.0463,0.0466,5250530.8
2025-01-31 15:15:00+00:00,0.0466,0.0471,0.0464,0.0468,7407111.6
2025-01-31 15:30:00+00:00,0.0469,0.0473,0.0468,0.0469,9442124.8
2025-01-31 15:45:00+00:00,0.0469,0.0473,0.0467,0.0471,6409905.7
2025-01-31 16:00:00+00:00,0.0471,0.0474,0.0467,0.0468,7184470.0
2025-01-31 16:15:00+00:00,0.0467,0.047,0.0464,0.0466,5685088.7
2025-01-31 16:30:00+00:00,0.0466,0.0469,0.0465,0.0469,4054603.5
2025-01-31 16:45:00+00:00,0.0469,0.047,0.0467,0.0469,2934660.6
2025-01-31 17:00:00+00:00,0.0469,0.047,0.0464,0.0465,4173200.7
2025-01-31 17:15:00+00:00,0.0466,0.0468,0.0463,0.0466,4558429.3
2025-01-31 17:30:00+00:00,0.0467,0.0467,0.0463,0.0465,4282991.0
2025-01-31 17:45:00+00:00,0.0464,0.0465,0.0461,0.0462,4694785.8
2025-01-31 18:00:00+00:00,0.0461,0.0463,0.0458,0.0461,6356981.4
2025-01-31 18:15:00+00:00,0.0462,0.0463,0.0457,0.0457,8838286.0
2025-01-31 18:30:00+00:00,0.0458,0.0459,0.0451,0.0452,14889008.0
2025-01-31 18:45:00+00:00,0.0451,0.0454,0.0449,0.0451,7193194.2
2025-01-31 19:00:00+00:00,0.0451,0.0454,0.045,0.0453,7143238.2
2025-01-31 19:15:00+00:00,0.0453,0.0454,0.0451,0.0453,2281453.5
